{"ks": [1, 2, 3, 4, 5, 6, 7, 8, 9, 10, 11, 12, 13, 14, 15, 16, 17, 18, 19, 20, 21, 22, 23, 24, 25, 26, 27, 28, 29, 30], "curves": {"Dense (bi-encoder)": [0.1329059829059829, 0.191025641025641, 0.23376068376068374, 0.2619658119658119, 0.3055555555555556, 0.3435897435897436, 0.36239316239316244, 0.39572649572649576, 0.4205128205128205, 0.43247863247863255, 0.44786324786324794, 0.46068376068376066, 0.4752136752136752, 0.49230769230769234, 0.5051282051282051, 0.5153846153846153, 0.5247863247863248, 0.5273504273504274, 0.552991452991453, 0.5606837606837607, 0.5760683760683761, 0.57991452991453, 0.5824786324786325, 0.5867521367521368, 0.6034188034188035, 0.6102564102564103, 0.6256410256410256, 0.6341880341880342, 0.6418803418803418, 0.6461538461538461], "+ Reranker": [0.414957264957265, 0.5282051282051282, 0.573076923076923, 0.6068376068376068, 0.6213675213675213, 0.6427350427350427, 0.6598290598290598, 0.6717948717948717, 0.6846153846153846, 0.6948717948717951, 0.6974358974358976, 0.6974358974358976, 0.6991452991452992, 0.6991452991452992, 0.7085470085470088, 0.7123931623931626, 0.7166666666666668, 0.7166666666666668, 0.7183760683760684, 0.720940170940171, 0.720940170940171, 0.7235042735042736, 0.7260683760683762, 0.7286324786324787, 0.7311965811965813, 0.732905982905983, 0.732905982905983, 0.7354700854700855, 0.7354700854700855, 0.7405982905982909], "+ Reranker + RAPTOR": [0.3841880341880342, 0.5273504273504274, 0.5679487179487179, 0.6068376068376068, 0.6179487179487179, 0.6427350427350427, 0.6598290598290598, 0.6649572649572649, 0.6777777777777777, 0.6837606837606838, 0.6837606837606838, 0.6888888888888889, 0.6957264957264959, 0.6974358974358976, 0.7042735042735044, 0.7123931623931626, 0.7141025641025642, 0.7141025641025642, 0.7183760683760684, 0.7183760683760684, 0.7183760683760684, 0.7235042735042736, 0.7260683760683762, 0.7260683760683762, 0.7311965811965813, 0.732905982905983, 0.7354700854700855, 0.7380341880341881, 0.7380341880341881, 0.7431623931623934], "+ Reranker + Graph": [0.41153846153846163, 0.5273504273504274, 0.573931623931624, 0.6136752136752136, 0.6307692307692307, 0.6452991452991452, 0.6606837606837608, 0.6752136752136751, 0.688034188034188, 0.6931623931623931, 0.7042735042735043, 0.705982905982906, 0.7111111111111112, 0.7111111111111112, 0.7111111111111112, 0.7213675213675215, 0.7256410256410258, 0.7273504273504274, 0.7316239316239319, 0.7329059829059832, 0.7329059829059832, 0.7354700854700857, 0.7354700854700857, 0.7354700854700857, 0.7354700854700857, 0.7380341880341883, 0.7405982905982909, 0.7405982905982909, 0.744871794871795, 0.7474358974358976], "+ Reranker + all enh.": [0.3884615384615385, 0.5213675213675214, 0.5679487179487179, 0.6162393162393163, 0.6282051282051281, 0.6495726495726497, 0.6683760683760684, 0.6735042735042736, 0.6837606837606838, 0.6888888888888889, 0.6905982905982908, 0.6974358974358976, 0.7025641025641027, 0.7051282051282053, 0.7068376068376069, 0.7145299145299148, 0.7162393162393165, 0.7247863247863249, 0.7273504273504274, 0.7311965811965813, 0.7311965811965813, 0.7311965811965813, 0.7311965811965813, 0.7380341880341883, 0.7380341880341883, 0.7380341880341883, 0.7405982905982909, 0.7431623931623934, 0.7474358974358976, 0.7474358974358976]}}